/*
 * lab-system 演示数据脚本
 * 用途：为课程答辩补充更真实的校园实验室业务数据。
 * 特点：只使用固定演示 ID 区间，重复执行会先清理这些演示数据，不删除基础账号和原始结构。
 */

SET NAMES utf8mb4;
SET FOREIGN_KEY_CHECKS = 0;

-- =========================================================
-- 清理演示数据（仅清理本脚本使用的 ID 区间）
-- =========================================================
DELETE FROM stock_record WHERE id BETWEEN 100 AND 199;
DELETE FROM stock_item WHERE id BETWEEN 100 AND 199;
DELETE FROM lab_device_repair WHERE id BETWEEN 100 AND 199;
DELETE FROM lab_reservation WHERE id BETWEEN 100 AND 199;
DELETE FROM lab_device WHERE id BETWEEN 100 AND 199;
DELETE FROM lab_room WHERE id BETWEEN 10 AND 29;
DELETE FROM sys_user_role WHERE user_id BETWEEN 10 AND 29;
DELETE FROM sys_user WHERE id BETWEEN 10 AND 29;
DELETE FROM sys_dept WHERE id BETWEEN 10 AND 19;

-- =========================================================
-- 学院 / 部门
-- =========================================================
INSERT INTO sys_dept (id, parent_id, name, sort_no, status) VALUES
(10, 1, '人工智能学院', 4, 1),
(11, 1, '物联网工程学院', 5, 1);

-- =========================================================
-- 演示用户：管理员、教师、学生
-- 密码均为 123456
-- =========================================================
INSERT INTO sys_user (id, username, password, real_name, phone, email, gender, dept_id, status, remark) VALUES
(10, 'labadmin2', '$2a$10$rmo6sNdR3/ZdbPAX1rEGGOaCNiYfk/Sw13a0uFixgKHLLz9KKpR/G', '实验室赵老师', '13800000010', 'lab2@lab.edu', 1, 10, 1, '人工智能实验室管理员'),
(11, 'teacher2',  '$2a$10$rmo6sNdR3/ZdbPAX1rEGGOaCNiYfk/Sw13a0uFixgKHLLz9KKpR/G', '王教师',       '13800000011', 'wteacher@lab.edu', 2, 10, 1, '人工智能课程教师'),
(12, 'teacher3',  '$2a$10$rmo6sNdR3/ZdbPAX1rEGGOaCNiYfk/Sw13a0uFixgKHLLz9KKpR/G', '陈教师',       '13800000012', 'cteacher@lab.edu', 1, 11, 1, '物联网课程教师'),
(13, 'student2',  '$2a$10$rmo6sNdR3/ZdbPAX1rEGGOaCNiYfk/Sw13a0uFixgKHLLz9KKpR/G', '刘同学',       '13800000013', 'liu@lab.edu', 1, 10, 1, '软件工程专业学生'),
(14, 'student3',  '$2a$10$rmo6sNdR3/ZdbPAX1rEGGOaCNiYfk/Sw13a0uFixgKHLLz9KKpR/G', '周同学',       '13800000014', 'zhou@lab.edu', 2, 11, 1, '物联网专业学生'),
(15, 'student4',  '$2a$10$rmo6sNdR3/ZdbPAX1rEGGOaCNiYfk/Sw13a0uFixgKHLLz9KKpR/G', '吴同学',       '13800000015', 'wu@lab.edu', 1, 2, 1, '网络安全方向学生');

INSERT INTO sys_user_role (user_id, role_id) VALUES
(10, 2),
(11, 3),
(12, 3),
(13, 4),
(14, 4),
(15, 4);

-- =========================================================
-- 实验室档案
-- =========================================================
INSERT INTO lab_room (id, code, name, building, room_no, capacity, dept_id, manager_id, status, remark) VALUES
(10, 'LAB-004', '软件工程实验室二',   '信息楼', 'A304', 55, 2, 2, 1, '用于软件测试、课程设计和综合实训'),
(11, 'LAB-005', '数据库技术实验室',   '信息楼', 'A305', 50, 2, 2, 1, '用于数据库原理和数据建模课程'),
(12, 'LAB-006', '人工智能实验室',     '科创楼', 'B201', 36, 10, 10, 1, '配备 GPU 工作站和模型训练环境'),
(13, 'LAB-007', '物联网综合实验室',   '科创楼', 'B202', 42, 11, 10, 1, '用于传感器采集和物联网综合实验'),
(14, 'LAB-008', '电子电工实验室',     '实验楼', 'C101', 48, 3, 2, 1, '用于电路、电子工艺和基础仪器实验'),
(15, 'LAB-009', '移动应用开发实验室', '信息楼', 'A306', 45, 2, 2, 1, '用于移动应用与 Web 前端课程'),
(16, 'LAB-010', '云计算与运维实验室', '信息楼', 'A401', 40, 2, 10, 2, '部分设备维护中，暂不开放全部时段');

-- =========================================================
-- 设备台账：多实验室、多状态
-- status: 1在用 2维修 3报废
-- =========================================================
INSERT INTO lab_device (id, asset_no, name, category, brand, model, lab_id, purchase_date, price, status, remark) VALUES
(100, 'DEV-0100', '台式机',       '计算机', '联想',   'M540',        10, '2023-09-01', 4500.00, 1, '软件工程实验室二学生机'),
(101, 'DEV-0101', '台式机',       '计算机', '联想',   'M540',        10, '2023-09-01', 4500.00, 1, '软件工程实验室二学生机'),
(102, 'DEV-0102', '投影仪',       '多媒体', '爱普生', 'CB-X49',      10, '2022-05-12', 5200.00, 1, '课程演示投影'),
(103, 'DEV-0103', '数据库服务器', '服务器', '浪潮',   'NF5280M5',    11, '2021-11-20', 28000.00, 1, 'MySQL/Redis 教学环境'),
(104, 'DEV-0104', '存储阵列',     '存储',   '群晖',   'DS923+',      11, '2022-03-10', 6800.00, 1, '课程数据备份'),
(105, 'DEV-0105', 'GPU 工作站',   'AI设备', '戴尔',   'Precision',   12, '2023-10-08', 36000.00, 1, '深度学习训练'),
(106, 'DEV-0106', 'GPU 工作站',   'AI设备', '戴尔',   'Precision',   12, '2023-10-08', 36000.00, 2, '显卡风扇异响，待检修'),
(107, 'DEV-0107', '高清摄像头',   '采集',   '海康',   'DS-U18',      12, '2024-02-15', 900.00, 1, '视觉识别实验'),
(108, 'DEV-0108', '边缘计算盒',   'AI设备', '华为',   'Atlas 200',   12, '2023-12-01', 5200.00, 1, '边缘推理实验'),
(109, 'DEV-0109', '传感器套件',   '物联网', 'DFRobot','Gravity Kit', 13, '2023-04-20', 1500.00, 1, '温湿度/光照/气体传感器'),
(110, 'DEV-0110', '开发板',       '物联网', '正点原子','STM32F407',   13, '2022-09-05', 420.00, 1, '嵌入式与物联网课程'),
(111, 'DEV-0111', '路由器',       '网络',   '华为',   'AR1220',      13, '2021-06-18', 3500.00, 1, '物联网网关实验'),
(112, 'DEV-0112', '示波器',       '仪器',   'RIGOL',  'DS1104Z',     14, '2021-09-12', 4800.00, 1, '电子电工实验'),
(113, 'DEV-0113', '直流稳压电源', '仪器',   '固纬',   'GPD-3303S',   14, '2021-09-12', 2600.00, 1, '电路实验供电'),
(114, 'DEV-0114', '信号发生器',   '仪器',   '普源',   'DG1022Z',     14, '2020-11-22', 3100.00, 2, '按键失灵，处理中'),
(115, 'DEV-0115', '安卓测试机',   '移动端', '小米',   'Redmi K60',   15, '2024-03-01', 2600.00, 1, '移动应用兼容测试'),
(116, 'DEV-0116', 'iOS 测试机',   '移动端', 'Apple',  'iPhone 12',   15, '2022-12-12', 4200.00, 1, '移动应用兼容测试'),
(117, 'DEV-0117', '交换机',       '网络',   '华三',   'S5120V3',     16, '2021-08-01', 5200.00, 2, '端口异常，维护中'),
(118, 'DEV-0118', '机柜服务器',   '服务器', '华为',   'RH2288H',     16, '2020-07-18', 24000.00, 3, '超过使用年限，待报废'),
(119, 'DEV-0119', '无线 AP',      '网络',   'TP-LINK','TL-XAP',      13, '2022-04-10', 780.00, 1, '物联网无线接入');

-- =========================================================
-- 设备维修单
-- status: 0待指派 1处理中 2已完成 3已驳回
-- =========================================================
INSERT INTO lab_device_repair (id, device_id, reporter_id, fault_desc, handler_id, handle_note, status, report_time, finish_time) VALUES
(100, 106, 10, 'GPU 工作站运行时风扇异响，训练任务负载高时声音明显', 2, '已联系维保，等待更换风扇模组', 1, '2026-06-14 09:20:00', NULL),
(101, 114, 12, '信号发生器部分按键失灵，频率设置偶发无响应', 2, '已登记，安排本周检修', 0, '2026-06-15 10:10:00', NULL),
(102, 117, 10, '交换机 5-8 号端口不通，影响云计算实验网络连通', 2, '正在排查端口模块', 1, '2026-06-15 15:35:00', NULL),
(103, 102, 13, '投影仪亮度偏暗，影响课堂演示', 2, '清理滤网后恢复正常', 2, '2026-06-08 11:00:00', '2026-06-09 16:30:00'),
(104, 110, 14, '开发板无法烧录程序', 10, '更换 USB 线后正常，驳回设备故障申请', 3, '2026-06-07 14:20:00', '2026-06-07 16:00:00'),
(105, 112, 11, '示波器探头接触不良', 2, '已更换探头', 2, '2026-06-05 10:40:00', '2026-06-06 09:30:00'),
(106, 109, 12, '传感器套件温湿度模块读数异常', 10, '模块老化，已更换备件', 2, '2026-06-03 13:10:00', '2026-06-04 15:20:00'),
(107, 103, 11, '数据库服务器磁盘空间不足告警', 2, '清理历史镜像并扩容课程数据盘', 2, '2026-06-01 09:00:00', '2026-06-02 17:10:00');

-- =========================================================
-- 预约记录：覆盖近 7 天、本月、未来几天和不同状态
-- status: 0待审核 1已通过 2已驳回 3已签到 4已签退 5已取消
-- =========================================================
INSERT INTO lab_reservation
(id, reserve_no, user_id, teacher_id, lab_id, device_ids, purpose, start_time, end_time, status, audit_user_id, audit_time, audit_note, check_in_time, check_out_time, create_time)
VALUES
(100, 'R20260610001', 13, 11, 12, '105,107', '人工智能模型训练实验', '2026-06-10 09:00:00', '2026-06-10 12:00:00', 4, 10, '2026-06-09 15:20:00', '通过，请按时归还设备', '2026-06-10 08:55:00', '2026-06-10 12:05:00', '2026-06-09 10:00:00'),
(101, 'R20260610002', 14, 12, 13, '109,110', '物联网传感器采集实验', '2026-06-10 14:00:00', '2026-06-10 17:00:00', 4, 10, '2026-06-09 16:10:00', '通过', '2026-06-10 13:58:00', '2026-06-10 17:02:00', '2026-06-09 11:20:00'),
(102, 'R20260611001', 15, 3, 2, '3', '计算机网络综合实验', '2026-06-11 08:30:00', '2026-06-11 11:30:00', 4, 2, '2026-06-10 17:00:00', '通过', '2026-06-11 08:28:00', '2026-06-11 11:35:00', '2026-06-10 09:30:00'),
(103, 'R20260611002', 13, 3, 11, '103', '数据库索引优化实验', '2026-06-11 14:00:00', '2026-06-11 16:00:00', 4, 2, '2026-06-10 18:00:00', '通过', '2026-06-11 13:55:00', '2026-06-11 16:10:00', '2026-06-10 10:00:00'),
(104, 'R20260612001', 14, 12, 13, '109,119', '物联网网关通信实验', '2026-06-12 09:00:00', '2026-06-12 12:00:00', 3, 10, '2026-06-11 15:00:00', '通过', '2026-06-12 09:03:00', NULL, '2026-06-11 09:40:00'),
(105, 'R20260612002', 15, 3, 10, '100,101', '软件测试课程实验', '2026-06-12 14:00:00', '2026-06-12 17:00:00', 4, 2, '2026-06-11 16:00:00', '通过', '2026-06-12 13:56:00', '2026-06-12 17:05:00', '2026-06-11 10:30:00'),
(106, 'R20260613001', 13, 11, 12, '105,108', '图像识别课程设计调试', '2026-06-13 09:00:00', '2026-06-13 12:00:00', 4, 10, '2026-06-12 16:20:00', '通过', '2026-06-13 08:57:00', '2026-06-13 12:08:00', '2026-06-12 09:10:00'),
(107, 'R20260613002', 14, 12, 14, '112,113', '电子电工基础实验', '2026-06-13 14:00:00', '2026-06-13 17:00:00', 4, 2, '2026-06-12 17:10:00', '通过', '2026-06-13 13:58:00', '2026-06-13 16:55:00', '2026-06-12 10:45:00'),
(108, 'R20260614001', 15, 3, 2, '3', '网络安全攻防演示实验', '2026-06-14 09:00:00', '2026-06-14 11:30:00', 2, 2, '2026-06-13 16:30:00', '该时段与维护安排冲突', NULL, NULL, '2026-06-13 09:30:00'),
(109, 'R20260614002', 13, 3, 15, '115,116', '移动应用兼容性测试', '2026-06-14 14:00:00', '2026-06-14 16:30:00', 5, 2, '2026-06-13 17:20:00', '学生主动取消', NULL, NULL, '2026-06-13 11:00:00'),
(110, 'R20260615001', 14, 12, 13, '109,110', '毕业设计传感器调试', '2026-06-15 09:00:00', '2026-06-15 12:00:00', 4, 10, '2026-06-14 16:20:00', '通过', '2026-06-15 09:01:00', '2026-06-15 12:02:00', '2026-06-14 09:40:00'),
(111, 'R20260615002', 13, 11, 12, '105', '深度学习模型训练', '2026-06-15 14:00:00', '2026-06-15 18:00:00', 3, 10, '2026-06-14 17:00:00', '通过', '2026-06-15 13:55:00', NULL, '2026-06-14 10:20:00'),
(112, 'R20260616004', 15, 3, 10, '100,101', 'Java EE 课程阶段演示', '2026-06-16 09:00:00', '2026-06-16 11:30:00', 4, 2, '2026-06-15 15:30:00', '通过', '2026-06-16 08:56:00', '2026-06-16 11:35:00', '2026-06-15 09:00:00'),
(113, 'R20260616002', 14, 12, 14, '112,113', '模拟电路课程实验', '2026-06-16 14:00:00', '2026-06-16 17:00:00', 1, 2, '2026-06-15 16:10:00', '通过', NULL, NULL, '2026-06-15 10:20:00'),
(114, 'R20260616003', 13, 11, 12, '105,108', '机器视觉综合实验', '2026-06-16 18:00:00', '2026-06-16 21:00:00', 0, NULL, NULL, NULL, NULL, NULL, '2026-06-16 09:10:00'),
(115, 'R20260617001', 15, 3, 11, '103,104', '数据库课程设计答辩准备', '2026-06-17 09:00:00', '2026-06-17 12:00:00', 1, 2, '2026-06-16 10:20:00', '通过', NULL, NULL, '2026-06-16 08:40:00'),
(116, 'R20260617002', 14, 12, 13, '109,119', '物联网综合实训', '2026-06-17 14:00:00', '2026-06-17 17:30:00', 1, 10, '2026-06-16 11:00:00', '通过', NULL, NULL, '2026-06-16 09:00:00'),
(117, 'R20260618001', 13, 11, 12, '105', '人工智能课程项目验收', '2026-06-18 09:00:00', '2026-06-18 12:00:00', 0, NULL, NULL, NULL, NULL, NULL, '2026-06-16 11:20:00'),
(118, 'R20260618002', 15, 3, 2, '3', '网络协议抓包实验', '2026-06-18 14:00:00', '2026-06-18 16:30:00', 1, 2, '2026-06-16 12:00:00', '通过', NULL, NULL, '2026-06-16 11:40:00'),
(119, 'R20260619001', 14, 12, 13, '109,110,119', '物联网创新实践', '2026-06-19 09:00:00', '2026-06-19 12:00:00', 0, NULL, NULL, NULL, NULL, NULL, '2026-06-16 13:10:00'),
(120, 'R20260620001', 13, 11, 15, '115,116', '移动端 UI 自动化测试', '2026-06-20 14:00:00', '2026-06-20 17:00:00', 1, 2, '2026-06-16 14:20:00', '通过', NULL, NULL, '2026-06-16 13:30:00');

-- =========================================================
-- 耗材档案：覆盖低库存和多分类
-- =========================================================
INSERT INTO stock_item (id, code, name, category, unit, qty, warn_qty, lab_id, remark) VALUES
(100, 'C-0100', '水晶头',        '网络耗材', '盒',  4,  8, 13, '低库存，网络实验常用'),
(101, 'C-0101', '网线（10米）',   '网络耗材', '根', 18, 10, 13, '物联网综合布线'),
(102, 'C-0102', '杜邦线',        '电子元件', '包',  6, 10, 14, '低库存，嵌入式实验常用'),
(103, 'C-0103', '面包板',        '电子元件', '块', 24,  8, 14, '电子电工基础实验'),
(104, 'C-0104', '电容 10uF',     '电子元件', '只', 80, 50, 14, '模拟电路实验'),
(105, 'C-0105', '传感器连接线',  '物联网耗材', '根', 12, 20, 13, '低库存，传感器实验领用'),
(106, 'C-0106', '标签纸',        '办公耗材', '卷',  3,  5, 10, '低库存，用于设备标签'),
(107, 'C-0107', 'A4 打印纸',     '办公耗材', '包', 42, 15, 11, '报告打印'),
(108, 'C-0108', '焊锡丝',        '实验工具', '卷',  5,  5, 14, '临界库存'),
(109, 'C-0109', '绝缘胶带',      '实验工具', '卷', 16,  6, 14, '电子工艺课'),
(110, 'C-0110', '一次性手套',    '安全防护', '盒',  7, 10, 14, '低库存，实验防护'),
(111, 'C-0111', '传感器模块包',  '物联网耗材', '套', 10,  5, 13, '温湿度、光照、红外模块'),
(112, 'C-0112', '开发板排针',    '电子元件', '排', 60, 20, 13, '嵌入式开发板焊接'),
(113, 'C-0113', '扎带',          '实验工具', '包', 25, 10, 16, '机柜线缆整理'),
(114, 'C-0114', '实验记录本',    '办公耗材', '本', 30, 10, 10, '课程实验记录');

-- =========================================================
-- 出入库流水：关联预约单，形成高频领用和库存预警
-- =========================================================
INSERT INTO stock_record (id, item_id, type, qty, reservation_id, user_id, remark, create_time) VALUES
(100, 100, 1, 20, NULL, 10, '网络实验耗材补充入库', '2026-06-08 09:00:00'),
(101, 101, 1, 30, NULL, 10, '长网线补充入库', '2026-06-08 09:20:00'),
(102, 102, 1, 20, NULL, 2,  '电子实验耗材补充', '2026-06-08 10:00:00'),
(103, 103, 1, 30, NULL, 2,  '面包板补充入库', '2026-06-08 10:30:00'),
(104, 104, 1, 120, NULL, 2, '电容元件补充入库', '2026-06-08 11:00:00'),
(105, 105, 1, 40, NULL, 10, '传感器连接线入库', '2026-06-09 09:00:00'),
(106, 106, 1, 10, NULL, 2,  '标签纸入库', '2026-06-09 09:20:00'),
(107, 107, 1, 50, NULL, 2,  '打印纸入库', '2026-06-09 10:00:00'),
(108, 108, 1, 12, NULL, 2,  '焊锡丝入库', '2026-06-09 10:30:00'),
(109, 109, 1, 20, NULL, 2,  '绝缘胶带入库', '2026-06-09 11:00:00'),
(110, 110, 1, 20, NULL, 2,  '实验手套入库', '2026-06-09 11:30:00'),
(111, 111, 1, 15, NULL, 10, '传感器模块包入库', '2026-06-10 09:00:00'),
(112, 112, 1, 80, NULL, 10, '开发板排针入库', '2026-06-10 09:20:00'),
(113, 113, 1, 30, NULL, 10, '扎带入库', '2026-06-10 09:40:00'),
(114, 114, 1, 35, NULL, 2,  '实验记录本入库', '2026-06-10 10:00:00'),
(115, 101, 2,  6, 101, 10, '物联网传感器采集实验领用', '2026-06-10 13:40:00'),
(116, 105, 2, 10, 101, 10, '物联网传感器连接线领用', '2026-06-10 13:45:00'),
(117, 107, 2,  4, 103, 2,  '数据库实验报告打印', '2026-06-11 13:30:00'),
(118, 102, 2,  6, 104, 2,  '物联网网关实验领用杜邦线', '2026-06-12 08:40:00'),
(119, 103, 2,  4, 107, 2,  '电子电工实验领用面包板', '2026-06-13 13:35:00'),
(120, 104, 2, 30, 107, 2,  '模拟电路实验领用电容', '2026-06-13 13:40:00'),
(121, 100, 2,  8, 102, 10, '网络综合实验领用水晶头', '2026-06-11 08:10:00'),
(122, 110, 2,  6, 107, 2,  '电子实验安全防护领用', '2026-06-13 13:45:00'),
(123, 106, 2,  5, 112, 2,  'Java EE 课程阶段演示设备标签', '2026-06-16 08:30:00'),
(124, 105, 2, 18, 110, 10, '毕业设计传感器调试领用', '2026-06-15 08:45:00'),
(125, 108, 2,  7, 107, 2,  '电子电工实验焊接耗材领用', '2026-06-13 13:50:00'),
(126, 111, 2,  5, 116, 10, '物联网综合实训传感器模块领用', '2026-06-17 13:30:00'),
(127, 112, 2, 20, 116, 10, '物联网综合实训排针领用', '2026-06-17 13:35:00'),
(128, 113, 2,  5, NULL, 10, '机柜整理耗材领用', '2026-06-15 16:20:00'),
(129, 114, 2,  5, 115, 2,  '数据库课程设计记录本领用', '2026-06-17 08:30:00');

SET FOREIGN_KEY_CHECKS = 1;
